,iso_code,continent,location,date,total_cases,new_cases,total_deaths,new_deaths,total_cases_per_million,new_cases_per_million,total_deaths_per_million,new_deaths_per_million,total_tests,new_tests,total_tests_per_thousand,new_tests_per_thousand,new_tests_smoothed,new_tests_smoothed_per_thousand,tests_units,stringency_index,population,population_density,median_age,aged_65_older,aged_70_older,gdp_per_capita,extreme_poverty,cvd_death_rate,diabetes_prevalence,female_smokers,male_smokers,handwashing_facilities,hospital_beds_per_thousand,life_expectancy,new_date,Year-Week
24882,USA,North America,United States,2019-12-31,0.0,0.0,0.0,0.0,0.0,0.0,0.0,0.0,,,,,,,,,331002647.0,35.608000000000004,38.3,15.413,9.732000000000001,54225.445999999996,1.2,151.089,10.79,19.1,24.6,,2.77,78.86,2019-12-31,2019-52
24883,USA,North America,United States,2020-01-01,0.0,0.0,0.0,0.0,0.0,0.0,0.0,0.0,,,,,,,,0.0,331002647.0,35.608000000000004,38.3,15.413,9.732000000000001,54225.445999999996,1.2,151.089,10.79,19.1,24.6,,2.77,78.86,2020-01-01,2020-00
24884,USA,North America,United States,2020-01-02,0.0,0.0,0.0,0.0,0.0,0.0,0.0,0.0,,,,,,,,0.0,331002647.0,35.608000000000004,38.3,15.413,9.732000000000001,54225.445999999996,1.2,151.089,10.79,19.1,24.6,,2.77,78.86,2020-01-02,2020-00
24885,USA,North America,United States,2020-01-03,0.0,0.0,0.0,0.0,0.0,0.0,0.0,0.0,,,,,,,,0.0,331002647.0,35.608000000000004,38.3,15.413,9.732000000000001,54225.445999999996,1.2,151.089,10.79,19.1,24.6,,2.77,78.86,2020-01-03,2020-00
24886,USA,North America,United States,2020-01-04,0.0,0.0,0.0,0.0,0.0,0.0,0.0,0.0,,,,,,,,0.0,331002647.0,35.608000000000004,38.3,15.413,9.732000000000001,54225.445999999996,1.2,151.089,10.79,19.1,24.6,,2.77,78.86,2020-01-04,2020-00
24887,USA,North America,United States,2020-01-05,0.0,0.0,0.0,0.0,0.0,0.0,0.0,0.0,,,,,,,,0.0,331002647.0,35.608000000000004,38.3,15.413,9.732000000000001,54225.445999999996,1.2,151.089,10.79,19.1,24.6,,2.77,78.86,2020-01-05,2020-01
24888,USA,North America,United States,2020-01-06,0.0,0.0,0.0,0.0,0.0,0.0,0.0,0.0,,,,,,,,0.0,331002647.0,35.608000000000004,38.3,15.413,9.732000000000001,54225.445999999996,1.2,151.089,10.79,19.1,24.6,,2.77,78.86,2020-01-06,2020-01
24889,USA,North America,United States,2020-01-07,0.0,0.0,0.0,0.0,0.0,0.0,0.0,0.0,,,,,,,,0.0,331002647.0,35.608000000000004,38.3,15.413,9.732000000000001,54225.445999999996,1.2,151.089,10.79,19.1,24.6,,2.77,78.86,2020-01-07,2020-01
24890,USA,North America,United States,2020-01-08,0.0,0.0,0.0,0.0,0.0,0.0,0.0,0.0,,,,,,,,0.0,331002647.0,35.608000000000004,38.3,15.413,9.732000000000001,54225.445999999996,1.2,151.089,10.79,19.1,24.6,,2.77,78.86,2020-01-08,2020-01
24891,USA,North America,United States,2020-01-09,0.0,0.0,0.0,0.0,0.0,0.0,0.0,0.0,,,,,,,,0.0,331002647.0,35.608000000000004,38.3,15.413,9.732000000000001,54225.445999999996,1.2,151.089,10.79,19.1,24.6,,2.77,78.86,2020-01-09,2020-01
24892,USA,North America,United States,2020-01-10,0.0,0.0,0.0,0.0,0.0,0.0,0.0,0.0,,,,,,,,0.0,331002647.0,35.608000000000004,38.3,15.413,9.732000000000001,54225.445999999996,1.2,151.089,10.79,19.1,24.6,,2.77,78.86,2020-01-10,2020-01
24893,USA,North America,United States,2020-01-11,0.0,0.0,0.0,0.0,0.0,0.0,0.0,0.0,,,,,,,,0.0,331002647.0,35.608000000000004,38.3,15.413,9.732000000000001,54225.445999999996,1.2,151.089,10.79,19.1,24.6,,2.77,78.86,2020-01-11,2020-01
24894,USA,North America,United States,2020-01-12,0.0,0.0,0.0,0.0,0.0,0.0,0.0,0.0,,,,,,,,0.0,331002647.0,35.608000000000004,38.3,15.413,9.732000000000001,54225.445999999996,1.2,151.089,10.79,19.1,24.6,,2.77,78.86,2020-01-12,2020-02
24895,USA,North America,United States,2020-01-13,0.0,0.0,0.0,0.0,0.0,0.0,0.0,0.0,,,,,,,,0.0,331002647.0,35.608000000000004,38.3,15.413,9.732000000000001,54225.445999999996,1.2,151.089,10.79,19.1,24.6,,2.77,78.86,2020-01-13,2020-02
24896,USA,North America,United States,2020-01-14,0.0,0.0,0.0,0.0,0.0,0.0,0.0,0.0,,,,,,,,0.0,331002647.0,35.608000000000004,38.3,15.413,9.732000000000001,54225.445999999996,1.2,151.089,10.79,19.1,24.6,,2.77,78.86,2020-01-14,2020-02
24897,USA,North America,United States,2020-01-15,0.0,0.0,0.0,0.0,0.0,0.0,0.0,0.0,,,,,,,,0.0,331002647.0,35.608000000000004,38.3,15.413,9.732000000000001,54225.445999999996,1.2,151.089,10.79,19.1,24.6,,2.77,78.86,2020-01-15,2020-02
24898,USA,North America,United States,2020-01-16,0.0,0.0,0.0,0.0,0.0,0.0,0.0,0.0,,,,,,,,0.0,331002647.0,35.608000000000004,38.3,15.413,9.732000000000001,54225.445999999996,1.2,151.089,10.79,19.1,24.6,,2.77,78.86,2020-01-16,2020-02
24899,USA,North America,United States,2020-01-17,0.0,0.0,0.0,0.0,0.0,0.0,0.0,0.0,,,,,,,,0.0,331002647.0,35.608000000000004,38.3,15.413,9.732000000000001,54225.445999999996,1.2,151.089,10.79,19.1,24.6,,2.77,78.86,2020-01-17,2020-02
24900,USA,North America,United States,2020-01-18,0.0,0.0,0.0,0.0,0.0,0.0,0.0,0.0,,,,,,,,0.0,331002647.0,35.608000000000004,38.3,15.413,9.732000000000001,54225.445999999996,1.2,151.089,10.79,19.1,24.6,,2.77,78.86,2020-01-18,2020-02
24901,USA,North America,United States,2020-01-19,0.0,0.0,0.0,0.0,0.0,0.0,0.0,0.0,,,,,,,,0.0,331002647.0,35.608000000000004,38.3,15.413,9.732000000000001,54225.445999999996,1.2,151.089,10.79,19.1,24.6,,2.77,78.86,2020-01-19,2020-03
24902,USA,North America,United States,2020-01-20,0.0,0.0,0.0,0.0,0.0,0.0,0.0,0.0,,,,,,,,0.0,331002647.0,35.608000000000004,38.3,15.413,9.732000000000001,54225.445999999996,1.2,151.089,10.79,19.1,24.6,,2.77,78.86,2020-01-20,2020-03
24903,USA,North America,United States,2020-01-21,1.0,1.0,0.0,0.0,0.003,0.003,0.0,0.0,,,,,,,,0.0,331002647.0,35.608000000000004,38.3,15.413,9.732000000000001,54225.445999999996,1.2,151.089,10.79,19.1,24.6,,2.77,78.86,2020-01-21,2020-03
24904,USA,North America,United States,2020-01-22,1.0,0.0,0.0,0.0,0.003,0.0,0.0,0.0,,,,,,,,0.0,331002647.0,35.608000000000004,38.3,15.413,9.732000000000001,54225.445999999996,1.2,151.089,10.79,19.1,24.6,,2.77,78.86,2020-01-22,2020-03
24905,USA,North America,United States,2020-01-23,1.0,0.0,0.0,0.0,0.003,0.0,0.0,0.0,,,,,,,,0.0,331002647.0,35.608000000000004,38.3,15.413,9.732000000000001,54225.445999999996,1.2,151.089,10.79,19.1,24.6,,2.77,78.86,2020-01-23,2020-03
24906,USA,North America,United States,2020-01-24,1.0,0.0,0.0,0.0,0.003,0.0,0.0,0.0,,,,,,,,0.0,331002647.0,35.608000000000004,38.3,15.413,9.732000000000001,54225.445999999996,1.2,151.089,10.79,19.1,24.6,,2.77,78.86,2020-01-24,2020-03
24907,USA,North America,United States,2020-01-25,2.0,1.0,0.0,0.0,0.006,0.003,0.0,0.0,,,,,,,,0.0,331002647.0,35.608000000000004,38.3,15.413,9.732000000000001,54225.445999999996,1.2,151.089,10.79,19.1,24.6,,2.77,78.86,2020-01-25,2020-03
24908,USA,North America,United States,2020-01-26,2.0,0.0,0.0,0.0,0.006,0.0,0.0,0.0,,,,,,,,0.0,331002647.0,35.608000000000004,38.3,15.413,9.732000000000001,54225.445999999996,1.2,151.089,10.79,19.1,24.6,,2.77,78.86,2020-01-26,2020-04
24909,USA,North America,United States,2020-01-27,5.0,3.0,0.0,0.0,0.015,0.009000000000000001,0.0,0.0,,,,,,,,0.0,331002647.0,35.608000000000004,38.3,15.413,9.732000000000001,54225.445999999996,1.2,151.089,10.79,19.1,24.6,,2.77,78.86,2020-01-27,2020-04
24910,USA,North America,United States,2020-01-28,5.0,0.0,0.0,0.0,0.015,0.0,0.0,0.0,,,,,,,,0.0,331002647.0,35.608000000000004,38.3,15.413,9.732000000000001,54225.445999999996,1.2,151.089,10.79,19.1,24.6,,2.77,78.86,2020-01-28,2020-04
24911,USA,North America,United States,2020-01-29,5.0,0.0,0.0,0.0,0.015,0.0,0.0,0.0,,,,,,,,0.0,331002647.0,35.608000000000004,38.3,15.413,9.732000000000001,54225.445999999996,1.2,151.089,10.79,19.1,24.6,,2.77,78.86,2020-01-29,2020-04
24912,USA,North America,United States,2020-01-30,5.0,0.0,0.0,0.0,0.015,0.0,0.0,0.0,,,,,,,,0.0,331002647.0,35.608000000000004,38.3,15.413,9.732000000000001,54225.445999999996,1.2,151.089,10.79,19.1,24.6,,2.77,78.86,2020-01-30,2020-04
24913,USA,North America,United States,2020-01-31,6.0,1.0,0.0,0.0,0.018000000000000002,0.003,0.0,0.0,,,,,,,,0.0,331002647.0,35.608000000000004,38.3,15.413,9.732000000000001,54225.445999999996,1.2,151.089,10.79,19.1,24.6,,2.77,78.86,2020-01-31,2020-04
24914,USA,North America,United States,2020-02-01,7.0,1.0,0.0,0.0,0.021,0.003,0.0,0.0,,,,,,,,0.0,331002647.0,35.608000000000004,38.3,15.413,9.732000000000001,54225.445999999996,1.2,151.089,10.79,19.1,24.6,,2.77,78.86,2020-02-01,2020-04
24915,USA,North America,United States,2020-02-02,8.0,1.0,0.0,0.0,0.024,0.003,0.0,0.0,,,,,,,,5.56,331002647.0,35.608000000000004,38.3,15.413,9.732000000000001,54225.445999999996,1.2,151.089,10.79,19.1,24.6,,2.77,78.86,2020-02-02,2020-05
24916,USA,North America,United States,2020-02-03,11.0,3.0,0.0,0.0,0.033,0.009000000000000001,0.0,0.0,,,,,,,,5.56,331002647.0,35.608000000000004,38.3,15.413,9.732000000000001,54225.445999999996,1.2,151.089,10.79,19.1,24.6,,2.77,78.86,2020-02-03,2020-05
24917,USA,North America,United States,2020-02-04,11.0,0.0,0.0,0.0,0.033,0.0,0.0,0.0,,,,,,,,5.56,331002647.0,35.608000000000004,38.3,15.413,9.732000000000001,54225.445999999996,1.2,151.089,10.79,19.1,24.6,,2.77,78.86,2020-02-04,2020-05
24918,USA,North America,United States,2020-02-05,11.0,0.0,0.0,0.0,0.033,0.0,0.0,0.0,,,,,,,,5.56,331002647.0,35.608000000000004,38.3,15.413,9.732000000000001,54225.445999999996,1.2,151.089,10.79,19.1,24.6,,2.77,78.86,2020-02-05,2020-05
24919,USA,North America,United States,2020-02-06,12.0,1.0,0.0,0.0,0.036000000000000004,0.003,0.0,0.0,,,,,,,,5.56,331002647.0,35.608000000000004,38.3,15.413,9.732000000000001,54225.445999999996,1.2,151.089,10.79,19.1,24.6,,2.77,78.86,2020-02-06,2020-05
24920,USA,North America,United States,2020-02-07,12.0,0.0,0.0,0.0,0.036000000000000004,0.0,0.0,0.0,,,,,,,,5.56,331002647.0,35.608000000000004,38.3,15.413,9.732000000000001,54225.445999999996,1.2,151.089,10.79,19.1,24.6,,2.77,78.86,2020-02-07,2020-05
24921,USA,North America,United States,2020-02-08,12.0,0.0,0.0,0.0,0.036000000000000004,0.0,0.0,0.0,,,,,,,,5.56,331002647.0,35.608000000000004,38.3,15.413,9.732000000000001,54225.445999999996,1.2,151.089,10.79,19.1,24.6,,2.77,78.86,2020-02-08,2020-05
24922,USA,North America,United States,2020-02-09,12.0,0.0,0.0,0.0,0.036000000000000004,0.0,0.0,0.0,,,,,,,,5.56,331002647.0,35.608000000000004,38.3,15.413,9.732000000000001,54225.445999999996,1.2,151.089,10.79,19.1,24.6,,2.77,78.86,2020-02-09,2020-06
24923,USA,North America,United States,2020-02-10,12.0,0.0,0.0,0.0,0.036000000000000004,0.0,0.0,0.0,,,,,,,,5.56,331002647.0,35.608000000000004,38.3,15.413,9.732000000000001,54225.445999999996,1.2,151.089,10.79,19.1,24.6,,2.77,78.86,2020-02-10,2020-06
24924,USA,North America,United States,2020-02-11,13.0,1.0,0.0,0.0,0.039,0.003,0.0,0.0,,,,,,,,5.56,331002647.0,35.608000000000004,38.3,15.413,9.732000000000001,54225.445999999996,1.2,151.089,10.79,19.1,24.6,,2.77,78.86,2020-02-11,2020-06
24925,USA,North America,United States,2020-02-12,13.0,0.0,0.0,0.0,0.039,0.0,0.0,0.0,,,,,,,,5.56,331002647.0,35.608000000000004,38.3,15.413,9.732000000000001,54225.445999999996,1.2,151.089,10.79,19.1,24.6,,2.77,78.86,2020-02-12,2020-06
24926,USA,North America,United States,2020-02-13,14.0,1.0,0.0,0.0,0.042,0.003,0.0,0.0,,,,,,,,5.56,331002647.0,35.608000000000004,38.3,15.413,9.732000000000001,54225.445999999996,1.2,151.089,10.79,19.1,24.6,,2.77,78.86,2020-02-13,2020-06
24927,USA,North America,United States,2020-02-14,15.0,1.0,0.0,0.0,0.045,0.003,0.0,0.0,,,,,,,,5.56,331002647.0,35.608000000000004,38.3,15.413,9.732000000000001,54225.445999999996,1.2,151.089,10.79,19.1,24.6,,2.77,78.86,2020-02-14,2020-06
24928,USA,North America,United States,2020-02-15,15.0,0.0,0.0,0.0,0.045,0.0,0.0,0.0,,,,,,,,5.56,331002647.0,35.608000000000004,38.3,15.413,9.732000000000001,54225.445999999996,1.2,151.089,10.79,19.1,24.6,,2.77,78.86,2020-02-15,2020-06
24929,USA,North America,United States,2020-02-16,15.0,0.0,0.0,0.0,0.045,0.0,0.0,0.0,,,,,,,,5.56,331002647.0,35.608000000000004,38.3,15.413,9.732000000000001,54225.445999999996,1.2,151.089,10.79,19.1,24.6,,2.77,78.86,2020-02-16,2020-07
24930,USA,North America,United States,2020-02-17,15.0,0.0,0.0,0.0,0.045,0.0,0.0,0.0,,,,,,,,5.56,331002647.0,35.608000000000004,38.3,15.413,9.732000000000001,54225.445999999996,1.2,151.089,10.79,19.1,24.6,,2.77,78.86,2020-02-17,2020-07
24931,USA,North America,United States,2020-02-18,15.0,0.0,0.0,0.0,0.045,0.0,0.0,0.0,,,,,,,,5.56,331002647.0,35.608000000000004,38.3,15.413,9.732000000000001,54225.445999999996,1.2,151.089,10.79,19.1,24.6,,2.77,78.86,2020-02-18,2020-07
24932,USA,North America,United States,2020-02-19,15.0,0.0,0.0,0.0,0.045,0.0,0.0,0.0,,,,,,,,5.56,331002647.0,35.608000000000004,38.3,15.413,9.732000000000001,54225.445999999996,1.2,151.089,10.79,19.1,24.6,,2.77,78.86,2020-02-19,2020-07
24933,USA,North America,United States,2020-02-20,15.0,0.0,0.0,0.0,0.045,0.0,0.0,0.0,,,,,,,,5.56,331002647.0,35.608000000000004,38.3,15.413,9.732000000000001,54225.445999999996,1.2,151.089,10.79,19.1,24.6,,2.77,78.86,2020-02-20,2020-07
24934,USA,North America,United States,2020-02-21,16.0,1.0,0.0,0.0,0.048,0.003,0.0,0.0,,,,,,,,5.56,331002647.0,35.608000000000004,38.3,15.413,9.732000000000001,54225.445999999996,1.2,151.089,10.79,19.1,24.6,,2.77,78.86,2020-02-21,2020-07
24935,USA,North America,United States,2020-02-22,35.0,19.0,0.0,0.0,0.106,0.057,0.0,0.0,,,,,,,,5.56,331002647.0,35.608000000000004,38.3,15.413,9.732000000000001,54225.445999999996,1.2,151.089,10.79,19.1,24.6,,2.77,78.86,2020-02-22,2020-07
24936,USA,North America,United States,2020-02-23,35.0,0.0,0.0,0.0,0.106,0.0,0.0,0.0,,,,,,,,5.56,331002647.0,35.608000000000004,38.3,15.413,9.732000000000001,54225.445999999996,1.2,151.089,10.79,19.1,24.6,,2.77,78.86,2020-02-23,2020-08
24937,USA,North America,United States,2020-02-24,35.0,0.0,0.0,0.0,0.106,0.0,0.0,0.0,,,,,,,,5.56,331002647.0,35.608000000000004,38.3,15.413,9.732000000000001,54225.445999999996,1.2,151.089,10.79,19.1,24.6,,2.77,78.86,2020-02-24,2020-08
24938,USA,North America,United States,2020-02-25,53.0,18.0,0.0,0.0,0.16,0.054000000000000006,0.0,0.0,,,,,,,,5.56,331002647.0,35.608000000000004,38.3,15.413,9.732000000000001,54225.445999999996,1.2,151.089,10.79,19.1,24.6,,2.77,78.86,2020-02-25,2020-08
24939,USA,North America,United States,2020-02-26,53.0,0.0,0.0,0.0,0.16,0.0,0.0,0.0,,,,,,,,5.56,331002647.0,35.608000000000004,38.3,15.413,9.732000000000001,54225.445999999996,1.2,151.089,10.79,19.1,24.6,,2.77,78.86,2020-02-26,2020-08
24940,USA,North America,United States,2020-02-27,59.0,6.0,0.0,0.0,0.17800000000000002,0.018000000000000002,0.0,0.0,,,,,,,,5.56,331002647.0,35.608000000000004,38.3,15.413,9.732000000000001,54225.445999999996,1.2,151.089,10.79,19.1,24.6,,2.77,78.86,2020-02-27,2020-08
24941,USA,North America,United States,2020-02-28,60.0,1.0,0.0,0.0,0.18100000000000002,0.003,0.0,0.0,,,,,,,,5.56,331002647.0,35.608000000000004,38.3,15.413,9.732000000000001,54225.445999999996,1.2,151.089,10.79,19.1,24.6,,2.77,78.86,2020-02-28,2020-08
24942,USA,North America,United States,2020-02-29,66.0,6.0,0.0,0.0,0.19899999999999998,0.018000000000000002,0.0,0.0,,,,,,,,5.56,331002647.0,35.608000000000004,38.3,15.413,9.732000000000001,54225.445999999996,1.2,151.089,10.79,19.1,24.6,,2.77,78.86,2020-02-29,2020-08
24943,USA,North America,United States,2020-03-01,69.0,3.0,1.0,1.0,0.20800000000000002,0.009000000000000001,0.003,0.003,,,,,,,,8.33,331002647.0,35.608000000000004,38.3,15.413,9.732000000000001,54225.445999999996,1.2,151.089,10.79,19.1,24.6,,2.77,78.86,2020-03-01,2020-09
24944,USA,North America,United States,2020-03-02,89.0,20.0,2.0,1.0,0.26899999999999996,0.06,0.006,0.003,,,,,,,,11.11,331002647.0,35.608000000000004,38.3,15.413,9.732000000000001,54225.445999999996,1.2,151.089,10.79,19.1,24.6,,2.77,78.86,2020-03-02,2020-09
24945,USA,North America,United States,2020-03-03,103.0,14.0,6.0,4.0,0.311,0.042,0.018000000000000002,0.012,,,,,,,,11.11,331002647.0,35.608000000000004,38.3,15.413,9.732000000000001,54225.445999999996,1.2,151.089,10.79,19.1,24.6,,2.77,78.86,2020-03-03,2020-09
24946,USA,North America,United States,2020-03-04,125.0,22.0,9.0,3.0,0.37799999999999995,0.066,0.027000000000000003,0.009000000000000001,,,,,,,,11.11,331002647.0,35.608000000000004,38.3,15.413,9.732000000000001,54225.445999999996,1.2,151.089,10.79,19.1,24.6,,2.77,78.86,2020-03-04,2020-09
24947,USA,North America,United States,2020-03-05,159.0,34.0,11.0,2.0,0.48,0.10300000000000001,0.033,0.006,,,,,,,,20.37,331002647.0,35.608000000000004,38.3,15.413,9.732000000000001,54225.445999999996,1.2,151.089,10.79,19.1,24.6,,2.77,78.86,2020-03-05,2020-09
24948,USA,North America,United States,2020-03-06,233.0,74.0,12.0,1.0,0.7040000000000001,0.22399999999999998,0.036000000000000004,0.003,,,,,,,,20.37,331002647.0,35.608000000000004,38.3,15.413,9.732000000000001,54225.445999999996,1.2,151.089,10.79,19.1,24.6,,2.77,78.86,2020-03-06,2020-09
24949,USA,North America,United States,2020-03-07,338.0,105.0,14.0,2.0,1.021,0.317,0.042,0.006,4119.0,,0.012,,,,units unclear,20.37,331002647.0,35.608000000000004,38.3,15.413,9.732000000000001,54225.445999999996,1.2,151.089,10.79,19.1,24.6,,2.77,78.86,2020-03-07,2020-09
24950,USA,North America,United States,2020-03-08,433.0,95.0,17.0,3.0,1.308,0.287,0.051,0.009000000000000001,4975.0,856.0,0.015,0.003,,,units unclear,20.37,331002647.0,35.608000000000004,38.3,15.413,9.732000000000001,54225.445999999996,1.2,151.089,10.79,19.1,24.6,,2.77,78.86,2020-03-08,2020-10
24951,USA,North America,United States,2020-03-09,554.0,121.0,21.0,4.0,1.6740000000000002,0.366,0.063,0.012,6732.0,1757.0,0.02,0.005,,,units unclear,20.37,331002647.0,35.608000000000004,38.3,15.413,9.732000000000001,54225.445999999996,1.2,151.089,10.79,19.1,24.6,,2.77,78.86,2020-03-09,2020-10
24952,USA,North America,United States,2020-03-10,754.0,200.0,26.0,5.0,2.278,0.604,0.079,0.015,9226.0,2494.0,0.027999999999999997,0.008,,,units unclear,20.37,331002647.0,35.608000000000004,38.3,15.413,9.732000000000001,54225.445999999996,1.2,151.089,10.79,19.1,24.6,,2.77,78.86,2020-03-10,2020-10
24953,USA,North America,United States,2020-03-11,1025.0,271.0,28.0,2.0,3.097,0.8190000000000001,0.085,0.006,13048.0,3822.0,0.039,0.012,,,units unclear,21.76,331002647.0,35.608000000000004,38.3,15.413,9.732000000000001,54225.445999999996,1.2,151.089,10.79,19.1,24.6,,2.77,78.86,2020-03-11,2020-10
24954,USA,North America,United States,2020-03-12,1312.0,287.0,30.0,2.0,3.964,0.867,0.091,0.006,18313.0,5265.0,0.055,0.016,,,units unclear,30.09,331002647.0,35.608000000000004,38.3,15.413,9.732000000000001,54225.445999999996,1.2,151.089,10.79,19.1,24.6,,2.77,78.86,2020-03-12,2020-10
24955,USA,North America,United States,2020-03-13,1663.0,351.0,40.0,10.0,5.024,1.06,0.121,0.03,27487.0,9174.0,0.083,0.027999999999999997,,,units unclear,30.09,331002647.0,35.608000000000004,38.3,15.413,9.732000000000001,54225.445999999996,1.2,151.089,10.79,19.1,24.6,,2.77,78.86,2020-03-13,2020-10
24956,USA,North America,United States,2020-03-14,2174.0,511.0,47.0,7.0,6.568,1.544,0.142,0.021,32073.0,4586.0,0.09699999999999999,0.013999999999999999,3993.0,0.012,units unclear,35.65,331002647.0,35.608000000000004,38.3,15.413,9.732000000000001,54225.445999999996,1.2,151.089,10.79,19.1,24.6,,2.77,78.86,2020-03-14,2020-10
24957,USA,North America,United States,2020-03-15,2951.0,777.0,57.0,10.0,8.915,2.347,0.172,0.03,39695.0,7622.0,0.12,0.023,4960.0,0.015,units unclear,41.2,331002647.0,35.608000000000004,38.3,15.413,9.732000000000001,54225.445999999996,1.2,151.089,10.79,19.1,24.6,,2.77,78.86,2020-03-15,2020-11
24958,USA,North America,United States,2020-03-16,3774.0,823.0,69.0,12.0,11.402000000000001,2.4859999999999998,0.20800000000000002,0.036000000000000004,57564.0,17869.0,0.174,0.054000000000000006,7262.0,0.022000000000000002,units unclear,52.31,331002647.0,35.608000000000004,38.3,15.413,9.732000000000001,54225.445999999996,1.2,151.089,10.79,19.1,24.6,,2.77,78.86,2020-03-16,2020-11
24959,USA,North America,United States,2020-03-17,4661.0,887.0,85.0,16.0,14.081,2.68,0.257,0.048,74817.0,17253.0,0.226,0.052000000000000005,9370.0,0.027999999999999997,units unclear,55.09,331002647.0,35.608000000000004,38.3,15.413,9.732000000000001,54225.445999999996,1.2,151.089,10.79,19.1,24.6,,2.77,78.86,2020-03-17,2020-11
24960,USA,North America,United States,2020-03-18,6427.0,1766.0,108.0,23.0,19.417,5.335,0.326,0.069,99906.0,25089.0,0.302,0.076,12408.0,0.037000000000000005,units unclear,55.09,331002647.0,35.608000000000004,38.3,15.413,9.732000000000001,54225.445999999996,1.2,151.089,10.79,19.1,24.6,,2.77,78.86,2020-03-18,2020-11
24961,USA,North America,United States,2020-03-19,9415.0,2988.0,150.0,42.0,28.444000000000003,9.027000000000001,0.45299999999999996,0.127,127846.0,27940.0,0.386,0.084,15648.0,0.047,units unclear,67.13,331002647.0,35.608000000000004,38.3,15.413,9.732000000000001,54225.445999999996,1.2,151.089,10.79,19.1,24.6,,2.77,78.86,2020-03-19,2020-11
24962,USA,North America,United States,2020-03-20,14250.0,4835.0,150.0,0.0,43.051,14.607000000000001,0.45299999999999996,0.0,164458.0,36612.0,0.49700000000000005,0.111,19567.0,0.059000000000000004,units unclear,67.13,331002647.0,35.608000000000004,38.3,15.413,9.732000000000001,54225.445999999996,1.2,151.089,10.79,19.1,24.6,,2.77,78.86,2020-03-20,2020-11
24963,USA,North America,United States,2020-03-21,19624.0,5374.0,260.0,110.0,59.287,16.236,0.785,0.332,209728.0,45270.0,0.634,0.13699999999999998,25379.0,0.077,units unclear,72.69,331002647.0,35.608000000000004,38.3,15.413,9.732000000000001,54225.445999999996,1.2,151.089,10.79,19.1,24.6,,2.77,78.86,2020-03-21,2020-11
24964,USA,North America,United States,2020-03-22,26747.0,7123.0,340.0,80.0,80.806,21.519000000000002,1.0270000000000001,0.242,255000.0,45272.0,0.77,0.13699999999999998,30758.0,0.09300000000000001,units unclear,72.69,331002647.0,35.608000000000004,38.3,15.413,9.732000000000001,54225.445999999996,1.2,151.089,10.79,19.1,24.6,,2.77,78.86,2020-03-22,2020-12
24965,USA,North America,United States,2020-03-23,35206.0,8459.0,471.0,131.0,106.36200000000001,25.555999999999997,1.423,0.396,313200.0,58200.0,0.946,0.17600000000000002,36519.0,0.11,units unclear,72.69,331002647.0,35.608000000000004,38.3,15.413,9.732000000000001,54225.445999999996,1.2,151.089,10.79,19.1,24.6,,2.77,78.86,2020-03-23,2020-12
24966,USA,North America,United States,2020-03-24,46442.0,11236.0,590.0,119.0,140.30700000000002,33.945,1.7819999999999998,0.36,382155.0,68955.0,1.155,0.20800000000000002,43905.0,0.133,units unclear,72.69,331002647.0,35.608000000000004,38.3,15.413,9.732000000000001,54225.445999999996,1.2,151.089,10.79,19.1,24.6,,2.77,78.86,2020-03-24,2020-12
24967,USA,North America,United States,2020-03-25,55231.0,8789.0,801.0,211.0,166.86,26.553,2.42,0.637,466418.0,84263.0,1.409,0.255,52359.0,0.158,units unclear,72.69,331002647.0,35.608000000000004,38.3,15.413,9.732000000000001,54225.445999999996,1.2,151.089,10.79,19.1,24.6,,2.77,78.86,2020-03-25,2020-12
24968,USA,North America,United States,2020-03-26,69194.0,13963.0,1050.0,249.0,209.044,42.184,3.1719999999999997,0.752,568049.0,101631.0,1.716,0.307,62886.0,0.19,units unclear,72.69,331002647.0,35.608000000000004,38.3,15.413,9.732000000000001,54225.445999999996,1.2,151.089,10.79,19.1,24.6,,2.77,78.86,2020-03-26,2020-12
24969,USA,North America,United States,2020-03-27,85991.0,16797.0,1296.0,246.0,259.789,50.746,3.915,0.743,671554.0,103505.0,2.029,0.313,72442.0,0.21899999999999997,units unclear,72.69,331002647.0,35.608000000000004,38.3,15.413,9.732000000000001,54225.445999999996,1.2,151.089,10.79,19.1,24.6,,2.77,78.86,2020-03-27,2020-12
24970,USA,North America,United States,2020-03-28,104686.0,18695.0,1707.0,411.0,316.269,56.48,5.157,1.242,778391.0,106837.0,2.352,0.32299999999999995,81238.0,0.245,units unclear,72.69,331002647.0,35.608000000000004,38.3,15.413,9.732000000000001,54225.445999999996,1.2,151.089,10.79,19.1,24.6,,2.77,78.86,2020-03-28,2020-12
24971,USA,North America,United States,2020-03-29,124665.0,19979.0,2191.0,484.0,376.62800000000004,60.358999999999995,6.619,1.462,865938.0,87547.0,2.616,0.264,87277.0,0.264,units unclear,72.69,331002647.0,35.608000000000004,38.3,15.413,9.732000000000001,54225.445999999996,1.2,151.089,10.79,19.1,24.6,,2.77,78.86,2020-03-29,2020-13
24972,USA,North America,United States,2020-03-30,143025.0,18360.0,2509.0,318.0,432.096,55.468,7.58,0.961,984586.0,118648.0,2.975,0.358,95912.0,0.29,units unclear,72.69,331002647.0,35.608000000000004,38.3,15.413,9.732000000000001,54225.445999999996,1.2,151.089,10.79,19.1,24.6,,2.77,78.86,2020-03-30,2020-13
24973,USA,North America,United States,2020-03-31,164620.0,21595.0,3170.0,661.0,497.337,65.241,9.577,1.9969999999999999,1096921.0,112335.0,3.3139999999999996,0.33899999999999997,102109.0,0.308,units unclear,72.69,331002647.0,35.608000000000004,38.3,15.413,9.732000000000001,54225.445999999996,1.2,151.089,10.79,19.1,24.6,,2.77,78.86,2020-03-31,2020-13
24974,USA,North America,United States,2020-04-01,189618.0,24998.0,4079.0,909.0,572.859,75.52199999999999,12.323,2.7460000000000004,1205129.0,108208.0,3.641,0.327,105530.0,0.319,units unclear,72.69,331002647.0,35.608000000000004,38.3,15.413,9.732000000000001,54225.445999999996,1.2,151.089,10.79,19.1,24.6,,2.77,78.86,2020-04-01,2020-13
24975,USA,North America,United States,2020-04-02,216721.0,27103.0,5138.0,1059.0,654.741,81.882,15.523,3.199,1324154.0,119025.0,4.0,0.36,108015.0,0.326,units unclear,72.69,331002647.0,35.608000000000004,38.3,15.413,9.732000000000001,54225.445999999996,1.2,151.089,10.79,19.1,24.6,,2.77,78.86,2020-04-02,2020-13
24976,USA,North America,United States,2020-04-03,245540.0,28819.0,6053.0,915.0,741.807,87.066,18.287,2.764,1456723.0,132569.0,4.401,0.401,112167.0,0.33899999999999997,units unclear,72.69,331002647.0,35.608000000000004,38.3,15.413,9.732000000000001,54225.445999999996,1.2,151.089,10.79,19.1,24.6,,2.77,78.86,2020-04-03,2020-13
24977,USA,North America,United States,2020-04-04,277965.0,32425.0,7157.0,1104.0,839.7669999999999,97.96,21.622,3.335,1685983.0,229260.0,5.093999999999999,0.693,129656.0,0.392,units unclear,72.69,331002647.0,35.608000000000004,38.3,15.413,9.732000000000001,54225.445999999996,1.2,151.089,10.79,19.1,24.6,,2.77,78.86,2020-04-04,2020-13
24978,USA,North America,United States,2020-04-05,312237.0,34272.0,8501.0,1344.0,943.307,103.54,25.683000000000003,4.06,1805177.0,119194.0,5.454,0.36,134177.0,0.405,units unclear,72.69,331002647.0,35.608000000000004,38.3,15.413,9.732000000000001,54225.445999999996,1.2,151.089,10.79,19.1,24.6,,2.77,78.86,2020-04-05,2020-14
24979,USA,North America,United States,2020-04-06,337635.0,25398.0,9647.0,1146.0,1020.0369999999999,76.73100000000001,29.145,3.4619999999999997,1956702.0,151525.0,5.9110000000000005,0.45799999999999996,138874.0,0.42,units unclear,72.69,331002647.0,35.608000000000004,38.3,15.413,9.732000000000001,54225.445999999996,1.2,151.089,10.79,19.1,24.6,,2.77,78.86,2020-04-06,2020-14
24980,USA,North America,United States,2020-04-07,368196.0,30561.0,10989.0,1342.0,1112.366,92.329,33.199,4.053999999999999,2111023.0,154321.0,6.377999999999999,0.466,144872.0,0.43799999999999994,units unclear,72.69,331002647.0,35.608000000000004,38.3,15.413,9.732000000000001,54225.445999999996,1.2,151.089,10.79,19.1,24.6,,2.77,78.86,2020-04-07,2020-14
24981,USA,North America,United States,2020-04-08,398809.0,30613.0,12895.0,1906.0,1204.851,92.486,38.957,5.757999999999999,2258491.0,147468.0,6.8229999999999995,0.446,150480.0,0.455,units unclear,72.69,331002647.0,35.608000000000004,38.3,15.413,9.732000000000001,54225.445999999996,1.2,151.089,10.79,19.1,24.6,,2.77,78.86,2020-04-08,2020-14
24982,USA,North America,United States,2020-04-09,432132.0,33323.0,14817.0,1922.0,1305.524,100.67299999999999,44.763999999999996,5.807,2428185.0,169694.0,7.336,0.513,157719.0,0.47600000000000003,units unclear,72.69,331002647.0,35.608000000000004,38.3,15.413,9.732000000000001,54225.445999999996,1.2,151.089,10.79,19.1,24.6,,2.77,78.86,2020-04-09,2020-14
24983,USA,North America,United States,2020-04-10,466033.0,33901.0,16690.0,1873.0,1407.943,102.419,50.423,5.659,2585687.0,157502.0,7.812,0.47600000000000003,161281.0,0.48700000000000004,units unclear,72.69,331002647.0,35.608000000000004,38.3,15.413,9.732000000000001,54225.445999999996,1.2,151.089,10.79,19.1,24.6,,2.77,78.86,2020-04-10,2020-14
24984,USA,North America,United States,2020-04-11,501560.0,35527.0,18777.0,2087.0,1515.275,107.331,56.728,6.305,2724578.0,138891.0,8.231,0.42,148371.0,0.44799999999999995,units unclear,72.69,331002647.0,35.608000000000004,38.3,15.413,9.732000000000001,54225.445999999996,1.2,151.089,10.79,19.1,24.6,,2.77,78.86,2020-04-11,2020-14
24985,USA,North America,United States,2020-04-12,529951.0,28391.0,20608.0,1831.0,1601.0479999999998,85.773,62.25899999999999,5.532,2863901.0,139323.0,8.652000000000001,0.42100000000000004,151246.0,0.457,units unclear,72.69,331002647.0,35.608000000000004,38.3,15.413,9.732000000000001,54225.445999999996,1.2,151.089,10.79,19.1,24.6,,2.77,78.86,2020-04-12,2020-15
24986,USA,North America,United States,2020-04-13,557571.0,27620.0,22108.0,1500.0,1684.491,83.443,66.791,4.532,2997355.0,133454.0,9.055,0.40299999999999997,148665.0,0.449,units unclear,72.69,331002647.0,35.608000000000004,38.3,15.413,9.732000000000001,54225.445999999996,1.2,151.089,10.79,19.1,24.6,,2.77,78.86,2020-04-13,2020-15
24987,USA,North America,United States,2020-04-14,582594.0,25023.0,23649.0,1541.0,1760.089,75.598,71.447,4.656000000000001,3149540.0,152185.0,9.515,0.46,148360.0,0.44799999999999995,units unclear,72.69,331002647.0,35.608000000000004,38.3,15.413,9.732000000000001,54225.445999999996,1.2,151.089,10.79,19.1,24.6,,2.77,78.86,2020-04-14,2020-15
24988,USA,North America,United States,2020-04-15,609516.0,26922.0,26057.0,2408.0,1841.4229999999998,81.335,78.721,7.275,3287635.0,138095.0,9.932,0.41700000000000004,147021.0,0.444,units unclear,72.69,331002647.0,35.608000000000004,38.3,15.413,9.732000000000001,54225.445999999996,1.2,151.089,10.79,19.1,24.6,,2.77,78.86,2020-04-15,2020-15
24989,USA,North America,United States,2020-04-16,639664.0,30148.0,30985.0,4928.0,1932.504,91.081,93.61,14.888,3451118.0,163483.0,10.425999999999998,0.494,146133.0,0.441,units unclear,72.69,331002647.0,35.608000000000004,38.3,15.413,9.732000000000001,54225.445999999996,1.2,151.089,10.79,19.1,24.6,,2.77,78.86,2020-04-16,2020-15
24990,USA,North America,United States,2020-04-17,671331.0,31667.0,33284.0,2299.0,2028.174,95.67,100.555,6.946000000000001,3610709.0,159591.0,10.908,0.48200000000000004,146432.0,0.442,units unclear,72.69,331002647.0,35.608000000000004,38.3,15.413,9.732000000000001,54225.445999999996,1.2,151.089,10.79,19.1,24.6,,2.77,78.86,2020-04-17,2020-15
24991,USA,North America,United States,2020-04-18,702164.0,30833.0,37054.0,3770.0,2121.324,93.15,111.945,11.39,3756943.0,146234.0,11.35,0.442,147481.0,0.446,units unclear,72.69,331002647.0,35.608000000000004,38.3,15.413,9.732000000000001,54225.445999999996,1.2,151.089,10.79,19.1,24.6,,2.77,78.86,2020-04-18,2020-15
24992,USA,North America,United States,2020-04-19,735086.0,32922.0,38910.0,1856.0,2220.786,99.461,117.552,5.607,3910706.0,153763.0,11.815,0.465,149544.0,0.452,units unclear,72.69,331002647.0,35.608000000000004,38.3,15.413,9.732000000000001,54225.445999999996,1.2,151.089,10.79,19.1,24.6,,2.77,78.86,2020-04-19,2020-16
24993,USA,North America,United States,2020-04-20,759687.0,24601.0,40682.0,1772.0,2295.109,74.32300000000001,122.905,5.353,4056762.0,146056.0,12.255999999999998,0.441,151344.0,0.457,units unclear,72.69,331002647.0,35.608000000000004,38.3,15.413,9.732000000000001,54225.445999999996,1.2,151.089,10.79,19.1,24.6,,2.77,78.86,2020-04-20,2020-16
24994,USA,North America,United States,2020-04-21,787752.0,28065.0,42539.0,1857.0,2379.896,84.788,128.516,5.61,4209698.0,152936.0,12.718,0.462,151451.0,0.45799999999999996,units unclear,72.69,331002647.0,35.608000000000004,38.3,15.413,9.732000000000001,54225.445999999996,1.2,151.089,10.79,19.1,24.6,,2.77,78.86,2020-04-21,2020-16
24995,USA,North America,United States,2020-04-22,825041.0,37289.0,45063.0,2524.0,2492.551,112.655,136.141,7.625,4533299.0,323601.0,13.696,0.978,177952.0,0.5379999999999999,units unclear,72.69,331002647.0,35.608000000000004,38.3,15.413,9.732000000000001,54225.445999999996,1.2,151.089,10.79,19.1,24.6,,2.77,78.86,2020-04-22,2020-16
24996,USA,North America,United States,2020-04-23,842629.0,17588.0,46784.0,1721.0,2545.687,53.136,141.34,5.199,4726498.0,193199.0,14.279000000000002,0.584,182197.0,0.55,units unclear,72.69,331002647.0,35.608000000000004,38.3,15.413,9.732000000000001,54225.445999999996,1.2,151.089,10.79,19.1,24.6,,2.77,78.86,2020-04-23,2020-16
24997,USA,North America,United States,2020-04-24,869172.0,26543.0,49963.0,3179.0,2625.8759999999997,80.19,150.944,9.604,4962124.0,235626.0,14.991,0.7120000000000001,193059.0,0.583,units unclear,72.69,331002647.0,35.608000000000004,38.3,15.413,9.732000000000001,54225.445999999996,1.2,151.089,10.79,19.1,24.6,,2.77,78.86,2020-04-24,2020-16
24998,USA,North America,United States,2020-04-25,890524.0,21352.0,51017.0,1054.0,2690.383,64.507,154.129,3.1839999999999997,5239814.0,277690.0,15.83,0.8390000000000001,211839.0,0.64,units unclear,72.69,331002647.0,35.608000000000004,38.3,15.413,9.732000000000001,54225.445999999996,1.2,151.089,10.79,19.1,24.6,,2.77,78.86,2020-04-25,2020-16
24999,USA,North America,United States,2020-04-26,939053.0,48529.0,53189.0,2172.0,2836.995,146.612,160.691,6.562,5446452.0,206638.0,16.454,0.624,219392.0,0.6629999999999999,units unclear,72.69,331002647.0,35.608000000000004,38.3,15.413,9.732000000000001,54225.445999999996,1.2,151.089,10.79,19.1,24.6,,2.77,78.86,2020-04-26,2020-17
25000,USA,North America,United States,2020-04-27,965910.0,26857.0,54876.0,1687.0,2918.134,81.138,165.787,5.0969999999999995,5642336.0,195884.0,17.046,0.5920000000000001,226511.0,0.684,units unclear,72.69,331002647.0,35.608000000000004,38.3,15.413,9.732000000000001,54225.445999999996,1.2,151.089,10.79,19.1,24.6,,2.77,78.86,2020-04-27,2020-17
25001,USA,North America,United States,2020-04-28,988451.0,22541.0,56245.0,1369.0,2986.2329999999997,68.09899999999999,169.923,4.136,5848645.0,206309.0,17.669,0.623,234135.0,0.7070000000000001,units unclear,72.69,331002647.0,35.608000000000004,38.3,15.413,9.732000000000001,54225.445999999996,1.2,151.089,10.79,19.1,24.6,,2.77,78.86,2020-04-28,2020-17
25002,USA,North America,United States,2020-04-29,1012583.0,24132.0,58355.0,2110.0,3059.139,72.906,176.298,6.375,6087698.0,239053.0,18.392,0.722,222057.0,0.6709999999999999,units unclear,72.69,331002647.0,35.608000000000004,38.3,15.413,9.732000000000001,54225.445999999996,1.2,151.089,10.79,19.1,24.6,,2.77,78.86,2020-04-29,2020-17
25003,USA,North America,United States,2020-04-30,1039909.0,27326.0,60966.0,2611.0,3141.6940000000004,82.555,184.18599999999998,7.888,6321585.0,233887.0,19.098,0.7070000000000001,227870.0,0.688,units unclear,72.69,331002647.0,35.608000000000004,38.3,15.413,9.732000000000001,54225.445999999996,1.2,151.089,10.79,19.1,24.6,,2.77,78.86,2020-04-30,2020-17
25004,USA,North America,United States,2020-05-01,1069826.0,29917.0,63006.0,2040.0,3232.077,90.383,190.34900000000002,6.162999999999999,6617204.0,295619.0,19.991,0.893,236440.0,0.7140000000000001,units unclear,72.69,331002647.0,35.608000000000004,38.3,15.413,9.732000000000001,54225.445999999996,1.2,151.089,10.79,19.1,24.6,,2.77,78.86,2020-05-01,2020-17
25005,USA,North America,United States,2020-05-02,1103781.0,33955.0,65068.0,2062.0,3334.659,102.58200000000001,196.578,6.23,6866084.0,248880.0,20.743000000000002,0.752,232324.0,0.7020000000000001,units unclear,72.69,331002647.0,35.608000000000004,38.3,15.413,9.732000000000001,54225.445999999996,1.2,151.089,10.79,19.1,24.6,,2.77,78.86,2020-05-02,2020-17
25006,USA,North America,United States,2020-05-03,1133069.0,29288.0,66385.0,1317.0,3423.1420000000003,88.48299999999999,200.55700000000002,3.9789999999999996,7102806.0,236722.0,21.458000000000002,0.715,236622.0,0.715,units unclear,72.69,331002647.0,35.608000000000004,38.3,15.413,9.732000000000001,54225.445999999996,1.2,151.089,10.79,19.1,24.6,,2.77,78.86,2020-05-03,2020-18
25007,USA,North America,United States,2020-05-04,1158041.0,24972.0,67682.0,1297.0,3498.585,75.444,204.476,3.918,7334611.0,231805.0,22.159000000000002,0.7,241754.0,0.73,units unclear,72.69,331002647.0,35.608000000000004,38.3,15.413,9.732000000000001,54225.445999999996,1.2,151.089,10.79,19.1,24.6,,2.77,78.86,2020-05-04,2020-18
25008,USA,North America,United States,2020-05-05,1180634.0,22593.0,68934.0,1252.0,3566.842,68.256,208.25799999999998,3.782,7606099.0,271488.0,22.979,0.82,251065.0,0.758,units unclear,72.69,331002647.0,35.608000000000004,38.3,15.413,9.732000000000001,54225.445999999996,1.2,151.089,10.79,19.1,24.6,,2.77,78.86,2020-05-05,2020-18
25009,USA,North America,United States,2020-05-06,1204475.0,23841.0,71078.0,2144.0,3638.868,72.027,214.735,6.477,7851591.0,245492.0,23.721,0.742,251985.0,0.7609999999999999,units unclear,72.69,331002647.0,35.608000000000004,38.3,15.413,9.732000000000001,54225.445999999996,1.2,151.089,10.79,19.1,24.6,,2.77,78.86,2020-05-06,2020-18
25010,USA,North America,United States,2020-05-07,1228603.0,24128.0,73431.0,2353.0,3711.762,72.89399999999999,221.84400000000002,7.109,8153980.0,302389.0,24.634,0.914,261771.0,0.7909999999999999,units unclear,72.69,331002647.0,35.608000000000004,38.3,15.413,9.732000000000001,54225.445999999996,1.2,151.089,10.79,19.1,24.6,,2.77,78.86,2020-05-07,2020-18
25011,USA,North America,United States,2020-05-08,1256972.0,28369.0,75670.0,2239.0,3797.468,85.706,228.608,6.763999999999999,8452856.0,298876.0,25.537,0.903,262236.0,0.792,units unclear,72.69,331002647.0,35.608000000000004,38.3,15.413,9.732000000000001,54225.445999999996,1.2,151.089,10.79,19.1,24.6,,2.77,78.86,2020-05-08,2020-18
25012,USA,North America,United States,2020-05-09,1283929.0,26957.0,77180.0,1510.0,3878.909,81.44,233.17,4.562,8744462.0,291606.0,26.418000000000003,0.8809999999999999,268340.0,0.8109999999999999,units unclear,72.69,331002647.0,35.608000000000004,38.3,15.413,9.732000000000001,54225.445999999996,1.2,151.089,10.79,19.1,24.6,,2.77,78.86,2020-05-09,2020-18
25013,USA,North America,United States,2020-05-10,1309541.0,25612.0,78794.0,1614.0,3956.2859999999996,77.377,238.046,4.876,9012502.0,268040.0,27.228,0.81,272814.0,0.8240000000000001,units unclear,72.69,331002647.0,35.608000000000004,38.3,15.413,9.732000000000001,54225.445999999996,1.2,151.089,10.79,19.1,24.6,,2.77,78.86,2020-05-10,2020-19
25014,USA,North America,United States,2020-05-11,1329799.0,20258.0,79528.0,734.0,4017.488,61.202,240.264,2.218,9395310.0,382808.0,28.384,1.157,294386.0,0.889,units unclear,72.69,331002647.0,35.608000000000004,38.3,15.413,9.732000000000001,54225.445999999996,1.2,151.089,10.79,19.1,24.6,,2.77,78.86,2020-05-11,2020-19
25015,USA,North America,United States,2020-05-12,1347916.0,18117.0,80684.0,1156.0,4072.2209999999995,54.733999999999995,243.75599999999997,3.492,9704002.0,308692.0,29.316999999999997,0.9329999999999999,299700.0,0.905,units unclear,72.69,331002647.0,35.608000000000004,38.3,15.413,9.732000000000001,54225.445999999996,1.2,151.089,10.79,19.1,24.6,,2.77,78.86,2020-05-12,2020-19
25016,USA,North America,United States,2020-05-13,1369964.0,22048.0,82387.0,1703.0,4138.831,66.61,248.90099999999998,5.145,10023606.0,319604.0,30.283,0.966,310288.0,0.937,units unclear,72.69,331002647.0,35.608000000000004,38.3,15.413,9.732000000000001,54225.445999999996,1.2,151.089,10.79,19.1,24.6,,2.77,78.86,2020-05-13,2020-19
25017,USA,North America,United States,2020-05-14,1390746.0,20782.0,84133.0,1746.0,4201.616,62.785,254.176,5.275,10389204.0,365598.0,31.386999999999997,1.105,319318.0,0.965,units unclear,72.69,331002647.0,35.608000000000004,38.3,15.413,9.732000000000001,54225.445999999996,1.2,151.089,10.79,19.1,24.6,,2.77,78.86,2020-05-14,2020-19
25018,USA,North America,United States,2020-05-15,1417889.0,27143.0,85906.0,1773.0,4283.6179999999995,82.00200000000001,259.533,5.356,10748972.0,359768.0,32.474000000000004,1.087,328017.0,0.991,units unclear,72.69,331002647.0,35.608000000000004,38.3,15.413,9.732000000000001,54225.445999999996,1.2,151.089,10.79,19.1,24.6,,2.77,78.86,2020-05-15,2020-19
25019,USA,North America,United States,2020-05-16,1443397.0,25508.0,87568.0,1662.0,4360.681,77.063,264.55400000000003,5.021,11112578.0,363606.0,33.571999999999996,1.0979999999999999,338302.0,1.022,units unclear,72.69,331002647.0,35.608000000000004,38.3,15.413,9.732000000000001,54225.445999999996,1.2,151.089,10.79,19.1,24.6,,2.77,78.86,2020-05-16,2020-19
25020,USA,North America,United States,2020-05-17,1467884.0,24487.0,88754.0,1186.0,4434.659000000001,73.97800000000001,268.137,3.583,11486140.0,373562.0,34.701,1.129,353377.0,1.068,units unclear,72.69,331002647.0,35.608000000000004,38.3,15.413,9.732000000000001,54225.445999999996,1.2,151.089,10.79,19.1,24.6,,2.77,78.86,2020-05-17,2020-20
25021,USA,North America,United States,2020-05-18,1486757.0,18873.0,89562.0,808.0,4491.677,57.018,270.578,2.441,11842261.0,356121.0,35.777,1.0759999999999998,349564.0,1.056,units unclear,72.69,331002647.0,35.608000000000004,38.3,15.413,9.732000000000001,54225.445999999996,1.2,151.089,10.79,19.1,24.6,,2.77,78.86,2020-05-18,2020-20
25022,USA,North America,United States,2020-05-19,1508598.0,21841.0,90353.0,791.0,4557.661,65.984,272.968,2.39,12243369.0,401108.0,36.989000000000004,1.212,362767.0,1.0959999999999999,units unclear,72.69,331002647.0,35.608000000000004,38.3,15.413,9.732000000000001,54225.445999999996,1.2,151.089,10.79,19.1,24.6,,2.77,78.86,2020-05-19,2020-20
25023,USA,North America,United States,2020-05-20,1528568.0,19970.0,91921.0,1568.0,4617.9929999999995,60.332,277.705,4.737,12652098.0,408729.0,38.224000000000004,1.235,375499.0,1.1340000000000001,units unclear,72.69,331002647.0,35.608000000000004,38.3,15.413,9.732000000000001,54225.445999999996,1.2,151.089,10.79,19.1,24.6,,2.77,78.86,2020-05-20,2020-20
25024,USA,North America,United States,2020-05-21,1551853.0,23285.0,93439.0,1518.0,4688.34,70.347,282.291,4.586,13074160.0,422062.0,39.499,1.275,383565.0,1.159,units unclear,72.69,331002647.0,35.608000000000004,38.3,15.413,9.732000000000001,54225.445999999996,1.2,151.089,10.79,19.1,24.6,,2.77,78.86,2020-05-21,2020-20
25025,USA,North America,United States,2020-05-22,1577287.0,25434.0,94702.0,1263.0,4765.179,76.839,286.106,3.8160000000000003,13485368.0,411208.0,40.741,1.242,390914.0,1.181,units unclear,72.69,331002647.0,35.608000000000004,38.3,15.413,9.732000000000001,54225.445999999996,1.2,151.089,10.79,19.1,24.6,,2.77,78.86,2020-05-22,2020-20
25026,USA,North America,United States,2020-05-23,1601434.0,24147.0,96007.0,1305.0,4838.13,72.95100000000001,290.04900000000004,3.943,13876936.0,391568.0,41.924,1.183,394908.0,1.193,units unclear,72.69,331002647.0,35.608000000000004,38.3,15.413,9.732000000000001,54225.445999999996,1.2,151.089,10.79,19.1,24.6,,2.77,78.86,2020-05-23,2020-20
25027,USA,North America,United States,2020-05-24,1622670.0,21236.0,97087.0,1080.0,4902.287,64.157,293.312,3.263,14260169.0,383233.0,43.082,1.158,396290.0,1.197,units unclear,72.69,331002647.0,35.608000000000004,38.3,15.413,9.732000000000001,54225.445999999996,1.2,151.089,10.79,19.1,24.6,,2.77,78.86,2020-05-24,2020-21
25028,USA,North America,United States,2020-05-25,1643238.0,20568.0,97720.0,633.0,4964.4259999999995,62.138000000000005,295.224,1.912,14681937.0,421768.0,44.356,1.274,405668.0,1.226,units unclear,72.69,331002647.0,35.608000000000004,38.3,15.413,9.732000000000001,54225.445999999996,1.2,151.089,10.79,19.1,24.6,,2.77,78.86,2020-05-25,2020-21
25029,USA,North America,United States,2020-05-26,1662302.0,19064.0,98220.0,500.0,5022.02,57.595,296.735,1.511,14988651.0,306714.0,45.283,0.927,392183.0,1.185,units unclear,72.69,331002647.0,35.608000000000004,38.3,15.413,9.732000000000001,54225.445999999996,1.2,151.089,10.79,19.1,24.6,,2.77,78.86,2020-05-26,2020-21
25030,USA,North America,United States,2020-05-27,1681212.0,18910.0,98916.0,696.0,5079.15,57.129,298.837,2.103,15298867.0,310216.0,46.22,0.937,378110.0,1.1420000000000001,units unclear,72.69,331002647.0,35.608000000000004,38.3,15.413,9.732000000000001,54225.445999999996,1.2,151.089,10.79,19.1,24.6,,2.77,78.86,2020-05-27,2020-21
25031,USA,North America,United States,2020-05-28,1699933.0,18721.0,100442.0,1526.0,5135.708,56.558,303.448,4.61,15714182.0,415315.0,47.474,1.255,377146.0,1.139,units unclear,72.69,331002647.0,35.608000000000004,38.3,15.413,9.732000000000001,54225.445999999996,1.2,151.089,10.79,19.1,24.6,,2.77,78.86,2020-05-28,2020-21
25032,USA,North America,United States,2020-05-29,1721750.0,21817.0,101617.0,1175.0,5201.62,65.91199999999999,306.998,3.55,16205686.0,491504.0,48.958999999999996,1.485,388617.0,1.1740000000000002,units unclear,72.69,331002647.0,35.608000000000004,38.3,15.413,9.732000000000001,54225.445999999996,1.2,151.089,10.79,19.1,24.6,,2.77,78.86,2020-05-29,2020-21
25033,USA,North America,United States,2020-05-30,1747087.0,25337.0,102836.0,1219.0,5278.166,76.546,310.68,3.6830000000000003,16633470.0,427784.0,50.251999999999995,1.2919999999999998,393791.0,1.19,units unclear,72.69,331002647.0,35.608000000000004,38.3,15.413,9.732000000000001,54225.445999999996,1.2,151.089,10.79,19.1,24.6,,2.77,78.86,2020-05-30,2020-21
25034,USA,North America,United States,2020-05-31,1770384.0,23297.0,103781.0,945.0,5348.549,70.383,313.535,2.855,17032891.0,399421.0,51.458,1.207,396103.0,1.197,units unclear,72.69,331002647.0,35.608000000000004,38.3,15.413,9.732000000000001,54225.445999999996,1.2,151.089,10.79,19.1,24.6,,2.77,78.86,2020-05-31,2020-22
25035,USA,North America,United States,2020-06-01,1790191.0,19807.0,104383.0,602.0,5408.389,59.839,315.35400000000004,1.819,17446139.0,413248.0,52.707,1.248,394886.0,1.193,units unclear,72.69,331002647.0,35.608000000000004,38.3,15.413,9.732000000000001,54225.445999999996,1.2,151.089,10.79,19.1,24.6,,2.77,78.86,2020-06-01,2020-22
25036,USA,North America,United States,2020-06-02,1811277.0,21086.0,105147.0,764.0,5472.092,63.703,317.66200000000003,2.3080000000000003,17866003.0,419864.0,53.975,1.268,411050.0,1.242,units unclear,72.69,331002647.0,35.608000000000004,38.3,15.413,9.732000000000001,54225.445999999996,1.2,151.089,10.79,19.1,24.6,,2.77,78.86,2020-06-02,2020-22
25037,USA,North America,United States,2020-06-03,1831821.0,20544.0,106181.0,1034.0,5534.158,62.066,320.786,3.1239999999999997,18333968.0,467965.0,55.388999999999996,1.4140000000000001,433586.0,1.31,units unclear,72.69,331002647.0,35.608000000000004,38.3,15.413,9.732000000000001,54225.445999999996,1.2,151.089,10.79,19.1,24.6,,2.77,78.86,2020-06-03,2020-22
25038,USA,North America,United States,2020-06-04,1851520.0,19699.0,107175.0,994.0,5593.670999999999,59.513000000000005,323.789,3.003,18796218.0,462250.0,56.786,1.3969999999999998,440291.0,1.33,units unclear,72.69,331002647.0,35.608000000000004,38.3,15.413,9.732000000000001,54225.445999999996,1.2,151.089,10.79,19.1,24.6,,2.77,78.86,2020-06-04,2020-22
25039,USA,North America,United States,2020-06-05,1872660.0,21140.0,108211.0,1036.0,5657.5380000000005,63.867,326.91900000000004,3.13,19305684.0,509466.0,58.325,1.5390000000000001,442857.0,1.338,units unclear,72.69,331002647.0,35.608000000000004,38.3,15.413,9.732000000000001,54225.445999999996,1.2,151.089,10.79,19.1,24.6,,2.77,78.86,2020-06-05,2020-22
25040,USA,North America,United States,2020-06-06,1897838.0,25178.0,109143.0,932.0,5733.604,76.066,329.735,2.8160000000000003,19788598.0,482914.0,59.784,1.459,450733.0,1.3619999999999999,units unclear,72.69,331002647.0,35.608000000000004,38.3,15.413,9.732000000000001,54225.445999999996,1.2,151.089,10.79,19.1,24.6,,2.77,78.86,2020-06-06,2020-22
25041,USA,North America,United States,2020-06-07,1920061.0,22223.0,109802.0,659.0,5800.741999999999,67.138,331.725,1.9909999999999999,20234941.0,446343.0,61.132,1.348,457436.0,1.382,units unclear,72.69,331002647.0,35.608000000000004,38.3,15.413,9.732000000000001,54225.445999999996,1.2,151.089,10.79,19.1,24.6,,2.77,78.86,2020-06-07,2020-23
25042,USA,North America,United States,2020-06-08,1942363.0,22302.0,110514.0,712.0,5868.119000000001,67.377,333.876,2.151,20638633.0,403692.0,62.352,1.22,456071.0,1.3780000000000001,units unclear,72.69,331002647.0,35.608000000000004,38.3,15.413,9.732000000000001,54225.445999999996,1.2,151.089,10.79,19.1,24.6,,2.77,78.86,2020-06-08,2020-23
25043,USA,North America,United States,2020-06-09,1961185.0,18822.0,111007.0,493.0,5924.983,56.864,335.366,1.489,21059096.0,420463.0,63.622,1.27,456156.0,1.3780000000000001,units unclear,72.69,331002647.0,35.608000000000004,38.3,15.413,9.732000000000001,54225.445999999996,1.2,151.089,10.79,19.1,24.6,,2.77,78.86,2020-06-09,2020-23
25044,USA,North America,United States,2020-06-10,1979850.0,18665.0,112006.0,999.0,5981.371999999999,56.388999999999996,338.384,3.0180000000000002,21488642.0,429546.0,64.92,1.298,450668.0,1.3619999999999999,units unclear,72.69,331002647.0,35.608000000000004,38.3,15.413,9.732000000000001,54225.445999999996,1.2,151.089,10.79,19.1,24.6,,2.77,78.86,2020-06-10,2020-23
25045,USA,North America,United States,2020-06-11,2000464.0,20614.0,112924.0,918.0,6043.65,62.277,341.157,2.773,21947721.0,459079.0,66.307,1.3869999999999998,450215.0,1.36,units unclear,72.69,331002647.0,35.608000000000004,38.3,15.413,9.732000000000001,54225.445999999996,1.2,151.089,10.79,19.1,24.6,,2.77,78.86,2020-06-11,2020-23
25046,USA,North America,United States,2020-06-12,2023347.0,22883.0,113820.0,896.0,6112.781999999999,69.132,343.86400000000003,2.707,22542037.0,594316.0,68.102,1.796,462336.0,1.3969999999999998,units unclear,72.69,331002647.0,35.608000000000004,38.3,15.413,9.732000000000001,54225.445999999996,1.2,151.089,10.79,19.1,24.6,,2.77,78.86,2020-06-12,2020-23
25047,USA,North America,United States,2020-06-13,2048986.0,25639.0,114669.0,849.0,6190.241,77.459,346.42900000000003,2.565,23041865.0,499828.0,69.612,1.51,464752.0,1.4040000000000001,units unclear,72.69,331002647.0,35.608000000000004,38.3,15.413,9.732000000000001,54225.445999999996,1.2,151.089,10.79,19.1,24.6,,2.77,78.86,2020-06-13,2020-23
25048,USA,North America,United States,2020-06-14,2074526.0,25540.0,115436.0,767.0,6267.4,77.16,348.746,2.3169999999999997,23520434.0,478569.0,71.058,1.446,469356.0,1.4180000000000001,units unclear,72.69,331002647.0,35.608000000000004,38.3,15.413,9.732000000000001,54225.445999999996,1.2,151.089,10.79,19.1,24.6,,2.77,78.86,2020-06-14,2020-24
25049,USA,North America,United States,2020-06-15,2094069.0,19543.0,115732.0,296.0,6326.441999999999,59.042,349.64099999999996,0.894,23968173.0,447739.0,72.411,1.3530000000000002,475649.0,1.4369999999999998,units unclear,68.98,331002647.0,35.608000000000004,38.3,15.413,9.732000000000001,54225.445999999996,1.2,151.089,10.79,19.1,24.6,,2.77,78.86,2020-06-15,2020-24
25050,USA,North America,United States,2020-06-16,2114026.0,19957.0,116127.0,395.0,6386.734,60.293,350.834,1.193,24435199.0,467026.0,73.822,1.411,482300.0,1.4569999999999999,units unclear,68.98,331002647.0,35.608000000000004,38.3,15.413,9.732000000000001,54225.445999999996,1.2,151.089,10.79,19.1,24.6,,2.77,78.86,2020-06-16,2020-24
25051,USA,North America,United States,2020-06-17,2137731.0,23705.0,116963.0,836.0,6458.35,71.616,353.36,2.526,24923950.0,488751.0,75.298,1.4769999999999999,490758.0,1.483,units unclear,68.98,331002647.0,35.608000000000004,38.3,15.413,9.732000000000001,54225.445999999996,1.2,151.089,10.79,19.1,24.6,,2.77,78.86,2020-06-17,2020-24
25052,USA,North America,United States,2020-06-18,2163290.0,25559.0,117717.0,754.0,6535.566999999999,77.217,355.63800000000003,2.278,25441689.0,517739.0,76.862,1.564,499138.0,1.508,units unclear,68.98,331002647.0,35.608000000000004,38.3,15.413,9.732000000000001,54225.445999999996,1.2,151.089,10.79,19.1,24.6,,2.77,78.86,2020-06-18,2020-24
25053,USA,North America,United States,2020-06-19,2191052.0,27762.0,118434.0,717.0,6619.44,83.87200000000001,357.80400000000003,2.166,26012935.0,571246.0,78.58800000000001,1.726,495843.0,1.4980000000000002,units unclear,68.98,331002647.0,35.608000000000004,38.3,15.413,9.732000000000001,54225.445999999996,1.2,151.089,10.79,19.1,24.6,,2.77,78.86,2020-06-19,2020-24
25054,USA,North America,United States,2020-06-20,2220961.0,29909.0,119112.0,678.0,6709.798000000001,90.359,359.852,2.048,26579411.0,566476.0,80.3,1.7109999999999999,505364.0,1.527,units unclear,68.98,331002647.0,35.608000000000004,38.3,15.413,9.732000000000001,54225.445999999996,1.2,151.089,10.79,19.1,24.6,,2.77,78.86,2020-06-20,2020-24
25055,USA,North America,United States,2020-06-21,2255119.0,34158.0,119719.0,607.0,6812.994000000001,103.196,361.686,1.834,27091619.0,512208.0,81.847,1.547,510169.0,1.541,units unclear,68.98,331002647.0,35.608000000000004,38.3,15.413,9.732000000000001,54225.445999999996,1.2,151.089,10.79,19.1,24.6,,2.77,78.86,2020-06-21,2020-25
25056,USA,North America,United States,2020-06-22,2280912.0,25793.0,119975.0,256.0,6890.918000000001,77.92399999999999,362.459,0.773,27556391.0,464772.0,83.251,1.4040000000000001,512603.0,1.5490000000000002,units unclear,68.98,331002647.0,35.608000000000004,38.3,15.413,9.732000000000001,54225.445999999996,1.2,151.089,10.79,19.1,24.6,,2.77,78.86,2020-06-22,2020-25
25057,USA,North America,United States,2020-06-23,2312302.0,31390.0,120402.0,427.0,6985.751,94.833,363.749,1.29,28057805.0,501414.0,84.766,1.515,517515.0,1.5630000000000002,units unclear,68.98,331002647.0,35.608000000000004,38.3,15.413,9.732000000000001,54225.445999999996,1.2,151.089,10.79,19.1,24.6,,2.77,78.86,2020-06-23,2020-25
25058,USA,North America,United States,2020-06-24,2347022.0,34720.0,121228.0,826.0,7090.644,104.89299999999999,366.245,2.495,28570233.0,512428.0,86.314,1.548,520898.0,1.574,units unclear,68.98,331002647.0,35.608000000000004,38.3,15.413,9.732000000000001,54225.445999999996,1.2,151.089,10.79,19.1,24.6,,2.77,78.86,2020-06-24,2020-25
25059,USA,North America,United States,2020-06-25,2381361.0,34339.0,121979.0,751.0,7194.387,103.742,368.514,2.269,29207820.0,637587.0,88.24,1.926,538019.0,1.625,units unclear,,331002647.0,35.608000000000004,38.3,15.413,9.732000000000001,54225.445999999996,1.2,151.089,10.79,19.1,24.6,,2.77,78.86,2020-06-25,2020-25
25060,USA,North America,United States,2020-06-26,2422310.0,40949.0,124416.0,2437.0,7318.099,123.712,375.876,7.362,,,,,,,,,331002647.0,35.608000000000004,38.3,15.413,9.732000000000001,54225.445999999996,1.2,151.089,10.79,19.1,24.6,,2.77,78.86,2020-06-26,2020-25
